{"epoch": 30, "batch": 4110, "train_loss": 0.8227553963661194, "train_accuracy": 0.7391304347826086, "_timestamp": 1674192357.6437078, "_runtime": 1695.836817741394, "_step": 4139, "test_loss": 0.22440314292907715, "test_accuracy": 0.8719851576994434, "test_precision": 0.8754355368689971, "test_recall": 0.871652405965495, "test_f1-score": 0.871179667603579}