{"epoch": 1, "batch": 126, "train_loss": 0.6240580081939697, "train_accuracy": 0.6875, "_timestamp": 1676005701.0040834, "_runtime": 973.672518491745, "_step": 125}