{"epoch": 30, "batch": 960, "train_loss": 0.352385938167572, "train_accuracy": 0.8125, "_timestamp": 1676015543.2502813, "_runtime": 6392.063423395157, "_step": 989, "test_loss": 0.3631650507450104, "test_accuracy": 0.75, "test_precision": 0.6768518518518519, "test_recall": 0.6907570518257541, "test_f1-score": 0.6761153814627078}