{"epoch": 8, "batch": 236, "train_loss": 0.6876240372657776, "train_accuracy": 0.6875, "_timestamp": 1676010736.1572378, "_runtime": 1584.9703798294067, "_step": 242, "test_loss": 0.047350917011499405, "test_accuracy": 0.59, "test_precision": 0.5316760090557003, "test_recall": 0.5695678649877123, "test_f1-score": 0.4819644539919498}